Código;Estudios;Lugar;Universitat;Àmbit;PAU y FP;Mayores de 25;Titulados Universitarios;Mayores de 45
21005;Física / Matemàtiques ;Cerdanyola del Vallès ;UAB;Ciencias; 13,352;  5,000;  6,690;  5,000
11020;Física / Matemàtiques ;Barcelona;UB;Ciencias; 13,115;  7,375;  7,370;  5,000
91901;Medicina ;Barcelona ;UPF / UAB;Ciencias de la Salud; 12,840;  6,563;  8,960;  5,000
11043;Medicina ;Campus Clínic ;UB;Ciencias de la Salud; 12,725;  6,313;  8,900;  5,000
31067;Enginyeria Física ;Barcelona ;UPC;Ingeniería y Arquitectura; 12,690;  5,000;  5,000;  5,000
11083;Medicina ;Campus Bellvitge ;UB;Ciencias de la Salud; 12,639;  5,938;  9,180;  5,333
71054;Bioquímica i Biologia Molecular / Biotecnologia ;Tarragona ;URV;Ciencias; 12,614;  6,875;  5,000;  5,000
41042;Filosofia, Política i Economia ;Barcelona ;UPF / UAB;Ciencias Sociales y Jurídicas; 12,610;  6,813;  8,303;  5,000
31040;Matemàtiques ;Barcelona ;UPC;Ciencias; 12,540;  5,000;  5,000;  5,000
41022;Estudis Internacionals d'Economia i Empresa - International Business Economics ;Docència en Anglès ;UPF;Ciencias Sociales y Jurídicas; 12,446;  5,688;  7,710;  5,000
21100;Física / Química ;Cerdanyola del Vallès;UAB;Ciencias; 12,440;  7,250;  5,000;  5,000
21079;Medicina ;Cerdanyola del Vallès ;UAB;Ciencias de la Salud; 12,365;  5,563;  8,800;  5,000
41051;Estudis Globals ;Barcelona ;UPF;Artes y Humanidades; 12,350;  5,000;  5,890;  7,833
71019;Medicina ;Reus ;URV;Ciencias de la Salud; 12,346;  5,250;  8,960;  5,000
21010;Ciències Biomèdiques ;Cerdanyola del Vallès ;UAB;Ciencias de la Salud; 12,330;  5,000;  8,018;  5,000
61030;Medicina ;Lleida ;UdL;Ciencias de la Salud; 12,311;  5,000;  8,910;  5,000
31026;Enginyeria en Tecnologies Aeroespacials ;Terrassa ;UPC;Ingeniería y Arquitectura; 12,310;  5,000;  6,300;  5,000
81001;Medicina ;Girona ;UdG;Ciencias de la Salud; 12,310;  5,188;  8,790;  5,000
11059;Enginyeria Biomèdica ;Barcelona ;UB;Ingeniería y Arquitectura; 12,160;  5,000;  7,820;  5,000
11006;Ciències Biomèdiques ;Barcelona / L'Hospitalet de Llobregat ;UB;Ciencias de la Salud; 12,110;  5,375;  8,159;  5,000
41001;Biologia Humana ;Barcelona ;UPF;Ciencias de la Salud; 12,072;  5,125;  7,928;  5,000
11016;Enginyeria Informàtica / Matemàtiques ;Barcelona;UB;Ingeniería y Arquitectura; 11,964;  5,000;  5,000;  5,000
41033;Enginyeria Biomèdica ;Barcelona ;UPF;Ingeniería y Arquitectura; 11,926;  6,313;  6,745;  5,000
41034;Dret / Administració i Direcció d'Empreses - Economia ;Barcelona ;UPF;Ciencias Sociales y Jurídicas; 11,900;  5,000;  5,000;  5,000
21035;Genètica ;Cerdanyola del Vallès ;UAB;Ciencias; 11,850;  6,813;  7,430;  5,000
41025;Periodisme ;Barcelona ;UPF;Ciencias Sociales y Jurídicas; 11,790;  5,188;  5,000;  7,167
31031;Enginyeria en Vehicles Aeroespacials ;Terrassa ;UPC;Ingeniería y Arquitectura; 11,786;  5,000;  5,810;  5,000
11003;Bioquímica ;Barcelona ;UB;Ciencias; 11,780;  5,000;  7,610;  5,000
91054;Medicina ;Manresa / Vic ;UVic;Ciencias de la Salud; 11,771;  5,000;  8,510;  5,000
81047;Biologia / Biotecnologia ;Girona ;UdG;Ciencias; 11,750;  5,000;  5,000;  5,000
41050;Grau Obert, Programa de ;Agrupació ;UPF;Artes y Humanidades; 11,690;  5,000;  5,000;  5,000
61044;Fisioteràpia / Infermeria ;Lleida ;UdL;Ciencias de la Salud; 11,688;  5,000;  7,075;  5,000
11075;Farmàcia / Nutrició humana i dietètica ;Barceloona;UB;Ciencias de la Salud; 11,678;  7,125;  8,250;  5,000
61004;Ciències Biomèdiques ;Lleida ;UdL;Ciencias de la Salud; 11,642;  5,000;  8,260;  5,000
11044;Odontologia ;L'Hospitalet de Llobregat ;UB;Ciencias de la Salud; 11,614;  5,688;  8,710;  5,000
11004;Biotecnologia ;Barcelona ;UB;Ciencias; 11,548;  5,750;  5,000;  5,000
21083;Veterinària ;Cerdanyola del Vallès ;UAB;Ciencias de la Salud; 11,534;  6,875;  8,400;  7,667
11041;Matemàtiques ;Barcelona ;UB;Ciencias; 11,421;  5,000;  5,000;  5,000
21001;Física ;Cerdanyola del Vallès ;UAB;Ciencias; 11,420;  5,000;  6,980;  5,000
41004;Publicitat i Relacions Públiques ;Barcelona ;UPF;Ciencias Sociales y Jurídicas; 11,370;  5,188;  5,000;  5,000
11081;Infermeria ;Campus Clínic ;UB;Ciencias de la Salud; 11,340;  6,688;  7,650;  7,667
41043;Criminologia i Polítiques Públiques de Prevenció / Dret ;Barcelona ;UPF;Ciencias Sociales y Jurídicas; 11,336;  6,750;  6,690;  5,000
31051;Enginyeria Biomèdica ;Barcelona / Sant Adrià de Besòs ;UPC;Ingeniería y Arquitectura; 11,270;  5,000;  5,000;  5,000
21011;Bioquímica ;Cerdanyola del Vallès ;UAB;Ciencias; 11,267;  5,000;  7,100;  5,000
21012;Biotecnologia ;Cerdanyola del Vallès ;UAB;Ciencias; 11,247;  5,000;  5,000;  5,000
41002;Comunicació Audiovisual ;Barcelona ;UPF;Ciencias Sociales y Jurídicas; 11,190;  5,000;  7,050;  5,000
11030;Física ;Barcelona ;UB;Ciencias; 11,110;  5,000;  5,000;  5,000
21050;Microbiologia ;Cerdanyola del Vallès ;UAB;Ciencias; 11,052;  5,000;  7,350;  5,000
71005;Bioquímica i Biologia Molecular ;Tarragona ;URV;Ciencias; 11,050;  5,000;  5,000;  5,000
41008;Administració i Direcció d'Empreses ;Barcelona ;UPF;Ciencias Sociales y Jurídicas; 10,904;  6,063;  5,000;  5,000
61040;Ciència i Producció Animal / Veterinària ;Lleida ;UdL;Ciencias de la Salud; 10,872;  5,438;  7,970;  5,000
11066;Administració i Direcció d'Empreses / Matemàtiques ;Barcelona ;UB;Ciencias Sociales y Jurídicas; 10,870;  5,000;  5,000;  5,000
61039;Ciències de l'Activitat Física i de l'Esport / Fisioteràpia ;Lleida ;UdL;Ciencias de la Salud; 10,818;  5,000;  7,570;  5,000
11072;Educació Infantil / Educació Primària ;Barcelona;UB;Ciencias Sociales y Jurídicas; 10,788;  5,000;  8,100;  5,000
21003;Matemàtiques ;Cerdanyola del Vallès ;UAB;Ciencias; 10,740;  5,000;  5,000;  5,000
21080;Nanociència i Nanotecnologia ;Cerdanyola del Vallès ;UAB;Ciencias; 10,725;  5,000;  5,000;  5,000
21111;Educació Infantil / Educació Primària ;Cerdanyola del Vallès;UAB;Ciencias Sociales y Jurídicas; 10,720;  5,000;  7,300;  5,000
31089;Ciència i Enginyeria de Dades ;Barcelona ;UPC;Ciencias; 10,690;  5,000;  8,430;  5,000
21097;Publicitat i Relacions Públiques ;Cerdanyola del Vallès ;UAB;Ciencias Sociales y Jurídicas; 10,660;  5,000;  5,000;  5,000
21009;Biologia ;Cerdanyola del Vallès ;UAB;Ciencias; 10,526;  5,000;  7,280;  5,000
11002;Biologia ;Barcelona ;UB;Ciencias; 10,504;  5,000;  5,000;  5,000
71006;Biotecnologia ;Tarragona ;URV;Ciencias; 10,464;  5,000;  5,000;  5,000
11073;Empresa Internacional (Anglès);Barcelona ;UB;Ciencias Sociales y Jurídicas; 10,454;  5,000;  5,000;  5,000
11064;Administració i Direcció d'Empreses / Dret ;Barcelona ;UB;Ciencias Sociales y Jurídicas; 10,390;  5,438;  6,620;  5,000
21104;Ciència Política i Gestió Pública / Dret ;Cerdanyola del Vallès ;UAB;Ciencias Sociales y Jurídicas; 10,380;  6,563;  7,400;  5,000
41014;Economia ;Barcelona ;UPF;Ciencias Sociales y Jurídicas; 10,380;  5,563;  5,000;  5,000
21108;Criminologia / Dret ;Cerdanyola del Vallès ;UAB;Ciencias Sociales y Jurídicas; 10,370;  5,563;  6,510;  5,000
71056;Biotecnologia / Enginyeria Informàtica ;Tarragona ;URV;Ciencias; 10,350;  5,000;  7,677;  5,000
61036;Administració i Direcció d'Empreses / Enginyeria Informàtica ;Lleida ;UdL;Ciencias Sociales y Jurídicas; 10,340;  5,000;  5,000;  5,000
21008;Biologia Ambiental ;Cerdanyola del Vallès ;UAB;Ciencias; 10,292;  5,188;  6,780;  5,000
21044;Infermeria ;Cerdanyola del Vallès ;UAB;Ciencias de la Salud; 10,280;  6,063;  7,990;  5,000
41009;Ciències Empresarials - Management ;Barcelona ;UPF;Ciencias Sociales y Jurídicas; 10,255;  5,000;  5,000;  5,000
31085;Enginyeria de Sistemes Aeroespacials / Enginyeria de Sistemes de Telecomunicació - Enginyeria Telemàtica ;Castelldefels ;UPC;Ingeniería y Arquitectura; 10,236;  5,000;  5,000;  5,000
61057;Fisioteràpia / Nutrició Humana i Dietètica ;Lleida ;UdL;Ciencias de la Salud; 10,160;  5,000;  7,960;  5,000
11065;Ciències Polítiques i de l'Administració / Dret ;Barcelona ;UB;Ciencias Sociales y Jurídicas; 10,154;  5,000;  6,390;  5,000
41013;Dret ;Barcelona ;UPF;Ciencias Sociales y Jurídicas; 10,090;  5,625;  6,730;  5,000
11037;Infermeria ;Campus Bellvitge ;UB;Ciencias de la Salud; 10,068;  6,188;  7,500;  5,000
21095;Fisioteràpia ;Cerdanyola del Vallès ;UAB;Ciencias de la Salud; 10,062;  6,188;  8,250;  5,167
81007;Biotecnologia ;Girona ;UdG;Ciencias; 10,010;  5,000;  5,000;  5,000
61019;Fisioteràpia ;Lleida ;UdL;Ciencias de la Salud;  9,948;  5,000;  7,470;  5,000
11024;Farmàcia ;Barcelona ;UB;Ciencias de la Salud;  9,930;  5,000;  6,700;  5,000
31022;Enginyeria de Disseny Industrial i Desenvolupament del Producte ;Terrassa ;UPC;Ingeniería y Arquitectura;  9,930;  5,000;  5,000;  5,000
21085;Comunicació Audiovisual ;Cerdanyola del Vallès ;UAB;Ciencias Sociales y Jurídicas;  9,922;  5,000;  5,000;  5,000
81048;Biologia / Ciències Ambientals ;Girona ;UdG;Ciencias;  9,912;  5,000;  5,000;  5,000
41056;Enginyeria Matemàtica en Ciència de Dades ;Barcelona ;UPF;Ingeniería y Arquitectura;  9,890;  5,000;  6,830;  5,000
91905;Economia / Estadística ;Barcelona;UB / UPC;Ciencias Sociales y Jurídicas;  9,854;  5,000;  6,460;  5,000
81056;Criminologia / Dret ;Girona ;UdG;Ciencias Sociales y Jurídicas;  9,848;  5,813;  5,000;  5,000
61029;Infermeria ;Lleida ;UdL;Ciencias de la Salud;  9,800;  5,688;  7,620;  7,000
11055;Comunicació Audiovisual ;Barcelona ;UB;Ciencias Sociales y Jurídicas;  9,662;  5,000;  5,000;  5,000
11062;Nutrició Humana i Dietètica ;Santa Coloma de Gramenet ;UB;Ciencias de la Salud;  9,660;  5,750;  7,770;  5,000
11057;Disseny ;Barcelona ;UB;Ingeniería y Arquitectura;  9,658;  5,688;  7,850;  5,000
11077;Ciències del Mar ;Barcelona ;UB;Ciencias;  9,574;  5,000;  5,000;  5,000
71016;Infermeria ;Tarragona ;URV;Ciencias de la Salud;  9,570;  5,800;  7,230;  5,000
81049;Educació Infantil / Educació Primària ;Girona ;UdG;Ciencias Sociales y Jurídicas;  9,560;  5,813;  6,200;  5,000
31084;Enginyeria de Sistemes Aeroespacials ;Castelldefels ;UPC;Ingeniería y Arquitectura;  9,460;  5,000;  5,000;  5,000
21096;Periodisme ;Cerdanyola del Vallès ;UAB;Ciencias Sociales y Jurídicas;  9,430;  5,000;  5,000;  5,000
21110;Economia (Anglès);Cerdanyola del Vallès ;UAB;Ciencias Sociales y Jurídicas;  9,424;  5,000;  5,000;  5,000
61005;Biotecnologia ;Lleida ;UdL;Ciencias;  9,400;  5,000;  5,000;  5,000
81006;Biologia ;Girona ;UdG;Ciencias;  9,370;  5,000;  5,000;  5,000
21099;Administració i Direcció d'Empreses  (Anglès);Cerdanyola del Vallès ;UAB;Ciencias Sociales y Jurídicas;  9,348;  5,000;  5,000;  5,000
21019;Educació Social ;Cerdanyola del Vallès ;UAB;Ciencias Sociales y Jurídicas;  9,292;  5,813;  6,930;  5,000
41024;Negocis i Màrqueting Internacionals ;Barcelona ;UPF;Ciencias Sociales y Jurídicas;  9,264;  5,000;  5,000;  5,000
71050;Educació Infantil / Educació Primària ;Tarragona;URV;Ciencias Sociales y Jurídicas;  9,260;  5,000;  7,880;  5,000
21018;Educació Primària ;Cerdanyola del Vallès ;UAB;Ciencias Sociales y Jurídicas;  9,208;  5,000;  6,996;  5,000
31029;Enginyeria en Tecnologies Industrials ;Barcelona ;UPC;Ingeniería y Arquitectura;  9,208;  5,000;  5,000;  5,000
41055;"Fisioteràpia ""Tecnocampus"" ";Mataró ;UPF;Ciencias de la Salud;  9,200;  5,813;  7,310;  5,000
11074;Comunicació Audiovisual / Informació i Documentació ;Barcelona ;UB;Ciencias Sociales y Jurídicas;  9,170;  5,000;  5,000;  5,000
81054;Ciències polítiques i de l'Administració / Dret ;Girona ;UdG;Ciencias Sociales y Jurídicas;  9,100;  5,000;  5,000;  5,000
81029;Infermeria ;Girona ;UdG;Ciencias de la Salud;  9,096;  6,030;  7,110;  5,000
11007;Ciències de l'Activitat Física i de l'Esport ;Barcelona ;UB;Ciencias de la Salud;  9,094;  5,000;  5,000;  7,500
21098;Administració i Direcció d'Empreses / Dret ;Cerdanyola del Vallès ;UAB;Ciencias Sociales y Jurídicas;  9,057;  5,000;  5,000;  5,000
71023;Publicitat i Relacions Públiques ;Tarragona ;URV;Ciencias Sociales y Jurídicas;  9,030;  6,313;  5,000;  5,000
11019;Enginyeria Química ;Barcelona ;UB;Ingeniería y Arquitectura;  8,994;  5,000;  5,000;  5,000
21030;Estudis d'Àsia Oriental -Japonès- ;Cerdanyola del Vallès ;UAB;Artes y Humanidades;  8,974;  7,563;  6,180;  5,000
21109;Dret / Relacions Laborals ;Cerdanyola del Vallès ;UAB;Ciencias Sociales y Jurídicas;  8,920;  5,000;  6,590;  5,000
31079;Arquitectura, Estudis d' ;Sant Cugat del Vallès ;UPC;Artes y Humanidades;  8,900;  5,000;  6,270;  5,000
71043;Fisioteràpia ;Reus ;URV;Ciencias de la Salud;  8,871;  5,438;  8,038;  5,000
31091;Enginyeria d'Automoció ;Manresa / Barcelona ;UPC;Ingeniería y Arquitectura;  8,864;  5,000;  5,000;  5,000
11015;Educació Social ;Barcelona ;UB;Ciencias Sociales y Jurídicas;  8,857;  6,125;  7,000;  5,000
61051;Estudis Anglesos / Llengües Aplicades i Traducció ;Lleida ;UdL;Artes y Humanidades;  8,852;  7,125;  5,000;  5,000
21021;Ciència i Tecnologia dels Aliments ;Cerdanyola del Vallès ;UAB;Ciencias de la Salud;  8,848;  5,000;  5,000;  5,000
71021;Periodisme ;Tarragona ;URV;Ciencias Sociales y Jurídicas;  8,830;  6,000;  5,000;  5,000
71032;Infermeria ;el Vendrell ;URV;Ciencias de la Salud;  8,826;  5,500;  7,200;  5,667
71028;Infermeria ;Tortosa ;URV;Ciencias de la Salud;  8,798;  5,188;  7,030;  5,000
61046;Infermeria ;Igualada ;UdL;Ciencias de la Salud;  8,782;  5,375;  7,210;  5,000
31059;Enginyeria Informàtica ;Barcelona ;UPC;Ingeniería y Arquitectura;  8,745;  5,000;  5,000;  5,000
21043;"Infermeria ""Sant Pau"" ";Barcelona ;UAB;Ciencias de la Salud;  8,744;  6,125;  7,330;  5,000
61038;Ciències de l'Activitat Física i de l'Esport / Educació Primària ;Lleida ;UdL;Ciencias de la Salud;  8,711;  5,000;  5,000;  5,000
21014;Administració i Direcció d'Empreses ;Cerdanyola del Vallès ;UAB;Ciencias Sociales y Jurídicas;  8,694;  5,000;  5,000;  5,000
11013;Educació Infantil ;Barcelona ;UB;Ciencias Sociales y Jurídicas;  8,647;  5,000;  7,790;  5,000
81002;Publicitat i Relacions Públiques ;Girona ;UdG;Ciencias Sociales y Jurídicas;  8,642;  5,000;  5,000;  5,000
31083;Disseny i Desenvolupament de Videojocs  (Anglès);Barcelona / Terrassa ;UPC;Ingeniería y Arquitectura;  8,600;  6,063;  5,000;  5,000
21103;Ciències Ambientals / Geologia ;Cerdanyola del Vallès ;UAB;Ciencias de la Salud;  8,590;  5,000;  5,000;  5,000
11067;Comunicació i Indústries Culturals ;Barcelona ;UB;Ciencias Sociales y Jurídicas;  8,580;  5,000;  5,000;  5,000
11049;Química ;Barcelona ;UB;Ciencias;  8,560;  5,000;  5,000;  5,000
21016;Educació Infantil ;Cerdanyola del Vallès ;UAB;Ciencias Sociales y Jurídicas;  8,552;  5,000;  7,640;  5,000
21082;Química ;Cerdanyola del Vallès ;UAB;Ciencias;  8,540;  5,000;  5,000;  5,000
71053;Administració i Direcció d'Empreses / Finances i Comptabilitat ;Reus ;URV;Ciencias Sociales y Jurídicas;  8,522;  5,000;  5,000;  5,000
71007;Comunicació Audiovisual ;Tarragona ;URV;Ciencias Sociales y Jurídicas;  8,460;  5,000;  5,000;  5,000
21068;Criminologia ;Cerdanyola del Vallès ;UAB;Ciencias Sociales y Jurídicas;  8,454;  6,188;  5,000;  5,833
41011;Criminologia i Polítiques Públiques de Prevenció ;Barcelona ;UPF;Ciencias Sociales y Jurídicas;  8,400;  5,969;  5,000;  5,000
11036;"Infermeria ""Sant Joan de Déu"" ";Esplugues de Llobregat ;UB;Ciencias de la Salud;  8,395;  5,625;  7,040;  5,000
81019;Educació Social ;Girona ;UdG;Ciencias Sociales y Jurídicas;  8,388;  7,000;  7,160;  5,000
41010;Ciències Polítiques i de l'Administració ;Barcelona ;UPF;Ciencias Sociales y Jurídicas;  8,342;  5,000;  5,000;  5,000
91902;Estadística ;Barcelona ;UB / UPC;Ciencias;  8,330;  5,000;  7,470;  5,000
21081;Psicologia ;Cerdanyola del Vallès ;UAB;Ciencias de la Salud;  8,327;  5,250;  5,000;  5,167
11047;Psicologia ;Barcelona ;UB;Ciencias de la Salud;  8,324;  5,813;  7,300;  5,000
11012;Dret ;Barcelona ;UB;Ciencias Sociales y Jurídicas;  8,286;  5,063;  7,100;  5,000
11014;Educació Primària ;Barcelona ;UB;Ciencias Sociales y Jurídicas;  8,280;  5,000;  7,100;  5,000
11048;Publicitat i Relacions Públiques ;Barcelona ;UB;Ciencias Sociales y Jurídicas;  8,280;  5,000;  5,000;  5,000
21052;Pedagogia ;Cerdanyola del Vallès ;UAB;Ciencias de la Salud;  8,262;  5,000;  5,000;  7,000
61007;Ciències de l'Activitat Física i de l'Esport ;Lleida ;UdL;Ciencias de la Salud;  8,250;  5,000;  5,000;  5,000
11070;Dret / Gestió i Administració Pública ;Barcelona ;UB;Ciencias Sociales y Jurídicas;  8,240;  5,000;  6,600;  5,000
41021;"Infermeria ""Escola Superior d'Infermeria del Mar"" ";Barcelona ;UPF;Ciencias de la Salud;  8,230;  5,344;  7,300;  5,000
31054;Enginyeria Electrònica Industrial i Automàtica ;Barcelona / Sant Adrià de Besòs ;UPC;Ingeniería y Arquitectura;  8,228;  5,000;  5,000;  5,000
31052;Enginyeria de l'Energia ;Barcelona / Sant Adrià de Besòs ;UPC;Ingeniería y Arquitectura;  8,209;  5,000;  5,000;  5,000
41041;"Administració d'Empreses i Gestió de la Innovació / Màrqueting i Comunitats Digitals ""Tecnocampus"" ";Mataró ;UPF;Ciencias Sociales y Jurídicas;  8,200;  5,000;  5,000;  5,000
81018;Educació Primària ;Girona ;UdG;Ciencias Sociales y Jurídicas;  8,200;  6,063;  6,570;  5,000
41019;Enginyeria Informàtica ;Barcelona ;UPF;Ingeniería y Arquitectura;  8,150;  5,000;  5,000;  5,000
11018;Enginyeria Informàtica ;Barcelona ;UB;Ingeniería y Arquitectura;  8,148;  5,000;  6,600;  5,000
81052;Administració i Direcció d'Empreses / Economia ;Girona ;UdG;Ciencias Sociales y Jurídicas;  8,140;  5,000;  5,000;  5,000
81060;Economia / Filosofia ;Girona ;UdG;Ciencias Sociales y Jurídicas;  8,118;  5,000;  5,000;  5,000
81059;Disseny i Desenvolupament de Videojocs ;Girona ;UdG;Ingeniería y Arquitectura;  8,084;  5,000;  5,000;  5,000
21086;Dret ;Cerdanyola del Vallès ;UAB;Ciencias Sociales y Jurídicas;  8,044;  5,438;  6,710;  5,000
41031;"Infermeria ""Tecnocampus"" ";Mataró ;UPF;Ciencias de la Salud;  8,041;  5,813;  7,080;  7,000
21074;Estudis d'Anglès i Espanyol ;Cerdanyola del Vallès ;UAB;Artes y Humanidades;  8,040;  6,438;  7,100;  5,000
11010;Criminologia ;Barcelona ;UB;Ciencias Sociales y Jurídicas;  8,035;  5,875;  5,000;  5,000
81033;Psicologia ;Girona ;UdG;Ciencias de la Salud;  8,008;  5,063;  6,500;  5,000
61020;Psicologia ;Lleida ;UdL;Ciencias de la Salud;  7,988;  5,250;  6,470;  5,833
21105;Enginyeria de Sistemes de Telecomunicació / Enginyeria Informàtica ;Cerdanyola del Vallès ;UAB;Ingeniería y Arquitectura;  7,980;  5,000;  5,000;  5,000
21102;Educació Primària (Anglès);Cerdanyola del Vallès ;UAB;Ciencias Sociales y Jurídicas;  7,930;  5,000;  6,870;  5,000
71011;Educació Primària ;Tarragona ;URV;Ciencias Sociales y Jurídicas;  7,893;  6,188;  5,000;  6,167
81053;Administració i Direcció d'Empreses / Dret ;Girona ;UdG;Ciencias Sociales y Jurídicas;  7,843;  5,000;  5,000;  5,000
31042;Multimèdia ;Terrassa ;UPC;Ciencias Sociales y Jurídicas;  7,840;  5,000;  5,000;  5,000
11005;Ciències Ambientals ;Barcelona ;UB;Ciencias;  7,833;  5,000;  5,000;  5,000
11054;Ciència i Tecnologia dels Aliments ;Santa Coloma de Gramenet ;UB;Ciencias de la Salud;  7,808;  5,000;  5,000;  7,000
21064;Traducció i Interpretació -Anglès- ;Cerdanyola del Vallès ;UAB;Artes y Humanidades;  7,782;  5,000;  5,000;  5,000
71012;Educació Social ;Tarragona ;URV;Ciencias Sociales y Jurídicas;  7,776;  7,125;  7,690;  5,000
11046;Podologia ;L'Hospitalet de Llobregat ;UB;Ciencias de la Salud;  7,771;  5,125;  7,520;  5,000
21048;Logopèdia ;Cerdanyola del Vallès ;UAB;Ciencias de la Salud;  7,756;  5,375;  7,400;  8,667
21024;Ciències Ambientals ;Cerdanyola del Vallès ;UAB;Ciencias;  7,744;  5,000;  5,000;  5,000
41037;"Ciències de l'Activitat Física i de l'Esport / Fisioteràpia ""Tecnocampus"" ";Mataró ;UPF;Ciencias de la Salud;  7,720;  5,000;  5,000;  5,000
81017;Educació Infantil ;Girona ;UdG;Ciencias Sociales y Jurídicas;  7,710;  5,000;  5,740;  5,000
31027;Enginyeria Mecànica ;Barcelona / Sant Adrià de Besòs ;UPC;Ingeniería y Arquitectura;  7,688;  5,000;  5,000;  5,000
71055;Administració i Direcció d'Empreses / Dret ;Tarragona / Reus ;URV;Ciencias Sociales y Jurídicas;  7,678;  7,438;  5,000;  5,000
71022;Psicologia ;Tarragona ;URV;Ciencias de la Salud;  7,622;  5,000;  5,000;  5,000
31093;"Disseny, Animació i Art Digital ""CITM"" ";Terrassa ;UPC;Artes y Humanidades;  7,585;  5,000;  7,290;  5,000
61009;Comunicació i Periodisme Audiovisuals ;Lleida ;UdL;Artes y Humanidades;  7,584;  5,000;  5,000;  5,000
21067;Estudis d'Àsia Oriental -Xinès- ;Cerdanyola del Vallès ;UAB;Artes y Humanidades;  7,572;  7,438;  7,000;  5,000
11045;Pedagogia ;Barcelona ;UB;Ciencias de la Salud;  7,571;  5,000;  5,000;  5,000
11051;Treball Social ;Barcelona ;UB;Ciencias Sociales y Jurídicas;  7,528;  5,250;  5,000;  5,167
11009;"Cinema i mitjans audiovisuals ""ESCAC"" ";Terrassa ;UB;Artes y Humanidades;  7,516;  5,000;  5,000;  5,000
81043;Pedagogia ;Girona ;UdG;Ciencias de la Salud;  7,490;  5,500;  7,340;  5,000
71020;Pedagogia ;Tarragona ;URV;Ciencias de la Salud;  7,488;  5,000;  8,120;  5,000
41006;Traducció i Interpretació -Anglès- ;Barcelona ;UPF;Artes y Humanidades;  7,470;  5,000;  5,000;  5,000
81013;Criminologia ;Girona ;UdG;Ciencias Sociales y Jurídicas;  7,464;  7,625;  5,000;  5,000
31074;Disseny i Desenvolupament de Videojocs ;Barcelona / Terrassa ;UPC;Ingeniería y Arquitectura;  7,457;  7,938;  5,000;  5,000
61037;Educació Infantil / Educació Primària ;Lleida ;UdL;Ciencias Sociales y Jurídicas;  7,449;  5,000;  5,000;  5,000
41038;"Ciències de l'Activitat Física i de l'Esport ""Tecnocampus"" ";Mataró ;UPF;Ciencias de la Salud;  7,440;  5,000;  5,000;  5,000
11023;Estudis Literaris ;Barcelona ;UB;Artes y Humanidades;  7,436;  5,375;  7,800;  5,000
61031;Nutrició Humana i Dietètica ;Lleida ;UdL;Ciencias de la Salud;  7,421;  5,000;  7,411;  5,167
11033;Administració i Direcció d'Empreses ;Barcelona ;UB;Ciencias Sociales y Jurídicas;  7,414;  5,000;  5,000;  5,000
11053;Belles Arts ;Barcelona ;UB;Artes y Humanidades;  7,389;  5,250;  6,250;  5,833
81005;"Audiovisual i multimèdia ""ERAM"" ";Salt ;UdG;Artes y Humanidades;  7,370;  5,313;  5,000;  5,000
81046;Administració i Direcció d'Empreses / Enginyeria en Tecnologies Industrials ;Girona ;UdG;Ciencias Sociales y Jurídicas;  7,365;  5,000;  5,000;  5,000
31011;Enginyeria de Sistemes Biològics ;Castelldefels ;UPC;Ingeniería y Arquitectura;  7,350;  5,000;  5,000;  5,000
91908;Fisioteràpia ;Docència en Anglès ;UdG / UB;Ciencias de la Salud;  7,350;  5,000;  8,200;  5,000
61013;Educació Social ;Lleida ;UdL;Ciencias Sociales y Jurídicas;  7,316;  5,000;  5,000;  5,000
81044;Treball Social ;Girona ;UdG;Ciencias Sociales y Jurídicas;  7,265;  5,875;  5,000;  5,000
71034;Educació Infantil ;el Vendrell ;URV;Ciencias Sociales y Jurídicas;  7,210;  5,000;  7,540;  5,000
81062;"Màrqueting / Turisme ""Mediterrani"" ";Girona ;UdG;Ciencias Sociales y Jurídicas;  7,210;  5,000;  5,000;  5,000
11008;Ciències Polítiques i de l'Administració ;Barcelona ;UB;Ciencias Sociales y Jurídicas;  7,120;  5,438;  5,000;  5,000
11076;Seguretat ;Mollet del Vallès ;UB;Ciencias Sociales y Jurídicas;  7,084;  7,000;  5,000;  5,000
21013;Ciència Política i Gestió Pública ;Cerdanyola del Vallès ;UAB;Ciencias Sociales y Jurídicas;  7,080;  5,000;  5,000;  5,000
81003;Administració i Direcció d'Empreses ;Girona ;UdG;Ciencias Sociales y Jurídicas;  7,070;  5,000;  5,000;  5,000
61035;Administració i Direcció d'Empreses / Dret ;Lleida ;UdL;Ciencias Sociales y Jurídicas;  7,030;  5,000;  5,000;  5,000
21106;Enginyeria Electrònica de Telecomunicació / Enginyeria Informàtica ;Cerdanyola del Vallès ;UAB;Ingeniería y Arquitectura;  6,987;  5,000;  5,000;  5,000
21038;Gestió Aeronàutica ;Cerdanyola del Vallès ;UAB;Ciencias Sociales y Jurídicas;  6,960;  5,000;  5,000;  5,000
21087;Empresa i Tecnologia ;Sabadell ;UAB;Ciencias Sociales y Jurídicas;  6,937;  5,063;  5,000;  5,667
11058;Economia ;Barcelona ;UB;Ciencias Sociales y Jurídicas;  6,900;  5,000;  5,000;  5,000
21071;Enginyeria Informàtica ;Cerdanyola del Vallès ;UAB;Ingeniería y Arquitectura;  6,890;  5,000;  5,000;  5,000
21070;Economia ;Cerdanyola del Vallès ;UAB;Ciencias Sociales y Jurídicas;  6,850;  5,000;  5,000;  5,000
41045;"Disseny i Producció de Videojocs ""Tecnocampus"" ";Mataró ;UPF;Ingeniería y Arquitectura;  6,839;  5,000;  5,000;  5,000
71010;Educació Infantil ;Tarragona ;URV;Ciencias Sociales y Jurídicas;  6,744;  5,000;  6,680;  5,000
41039;"Màrqueting i Comunitats Digitals ""Tecnocampus"" ";Mataró ;UPF;Ciencias Sociales y Jurídicas;  6,624;  5,000;  5,000;  5,000
41018;Enginyeria en Sistemes Audiovisuals ;Barcelona ;UPF;Ingeniería y Arquitectura;  6,616;  5,000;  5,000;  5,000
21090;Enginyeria Química ;Cerdanyola del Vallès ;UAB;Ingeniería y Arquitectura;  6,584;  5,000;  5,000;  5,000
21041;"Infermeria ""Creu Roja"" EUIT de Terrassa ";Terrassa ;UAB;Ciencias de la Salud;  6,533;  5,000;  6,500;  5,000
91001;Ciències de l'Activitat Física i de l'Esport  (Anglès);Vic ;UVic;Ciencias de la Salud;  6,528;  5,000;  5,000;  5,000
71026;Treball Social ;Tarragona ;URV;Ciencias Sociales y Jurídicas;  6,480;  5,000;  5,000;  5,000
71044;Nutrició Humana i Dietètica ;Reus ;URV;Ciencias de la Salud;  6,450;  5,000;  5,000;  6,000
91012;Fisioteràpia ;Vic ;UVic;Ciencias de la Salud;  6,422;  5,375;  5,000;  5,000
21055;Relacions Laborals ;Cerdanyola del Vallès ;UAB;Ciencias Sociales y Jurídicas;  6,420;  5,063;  5,000;  5,000
81015;Dret ;Girona ;UdG;Ciencias Sociales y Jurídicas;  6,400;  5,938;  6,600;  5,000
71008;Dret ;Tarragona ;URV;Ciencias Sociales y Jurídicas;  6,338;  5,000;  5,000;  5,000
71024;Química ;Tarragona ;URV;Ciencias;  6,306;  5,000;  5,000;  5,000
71057;Dret / Relacions Laborals i Ocupació ;Tarragona ;URV;Ciencias Sociales y Jurídicas;  6,270;  7,813;  5,000;  5,000
71058;Enginyeria Elèctrica / Enginyeria Electrònica Industrial i Automàtica ;Tarragona ;URV;Ingeniería y Arquitectura;  6,220;  5,000;  5,000;  5,000
21028;Estudis Anglesos ;Cerdanyola del Vallès ;UAB;Artes y Humanidades;  6,202;  5,000;  5,000;  5,000
31037;Enginyeria Informàtica ;Vilanova i la Geltrú ;UPC;Ingeniería y Arquitectura;  6,140;  5,000;  5,000;  5,000
31092;Enginyeria Civil (en Anglès);Barcelona;UPC;Ingeniería y Arquitectura;  6,102;  5,000;  8,200;  5,000
81025;Fisioteràpia ;Salt ;UdG;Ciencias de la Salud;  6,057;  5,000;  7,030;  5,000
41026;Relacions Laborals ;Barcelona ;UPF;Ciencias Sociales y Jurídicas;  6,040;  5,000;  5,000;  5,000
31015;Enginyeria de Tecnologia i Disseny Tèxtil / Enginyeria Elèctrica / Enginyeria Electrònica Industrial i Automàtica / Enginyeria Mecànica / Enginyeria Química ;Terrassa ;UPC;Ingeniería y Arquitectura;  6,020;  5,000;  5,000;  5,000
11063;Sociologia ;Barcelona ;UB;Ciencias Sociales y Jurídicas;  5,972;  5,000;  5,000;  5,500
21006;Antropologia Social i Cultural ;Cerdanyola del Vallès ;UAB;Artes y Humanidades;  5,876;  5,000;  5,000;  6,000
91022;Psicologia ;Vic ;UVic;Ciencias de la Salud;  5,818;  5,000;  5,000;  5,000
61012;Educació Primària ;Lleida ;UdL;Ciencias Sociales y Jurídicas;  5,814;  5,000;  5,000;  5,000
41052;"Disseny i Producció de Videojocs / Enginyeria Informàtica de Gestió i Sistemes d'Informació ""Tecnocampus"" ";Mataró ;UPF;Ingeniería y Arquitectura;  5,813;  5,000;  5,000;  5,000
81045;Arts Escèniques ;Salt ;UdG;Artes y Humanidades;  5,790;  5,563;  5,000;  5,000
21056;Sociologia ;Cerdanyola del Vallès ;UAB;Ciencias Sociales y Jurídicas;  5,777;  5,000;  5,000;  5,000
11017;Enginyeria Electrònica de Telecomunicació ;Barcelona ;UB;Ingeniería y Arquitectura;  5,738;  5,125;  5,000;  5,000
31081;"Màrqueting i Comunicació Digital ""EUNCET"" ";Terrassa ;UPC;Ciencias Sociales y Jurídicas;  5,734;  5,000;  5,000;  5,000
41049;"Mitjans Audiovisuals ""Tecnocampus"" ";Mataró ;UPF;Ciencias Sociales y Jurídicas;  5,684;  5,000;  5,000;  5,000
31045;Nàutica i Transport Marítim ;Barcelona ;UPC;Ingeniería y Arquitectura;  5,626;  5,000;  6,360;  5,000
41054;Llengües Aplicades / Traducció i Interpretació -Anglès- ;Barcelona;UPF;Artes y Humanidades;  5,590;  5,000;  5,000;  5,000
21051;Musicologia ;Cerdanyola del Vallès ;UAB;Artes y Humanidades;  5,538;  7,125;  5,000;  5,000
91041;Fisioteràpia ;Campus Manresa ;UVic;Ciencias de la Salud;  5,512;  5,000;  5,000;  5,000
71040;Enginyeria Mecànica ;Tarragona ;URV;Ingeniería y Arquitectura;  5,480;  5,000;  5,000;  5,000
81009;Ciències de l'Activitat Física i de l'Esport ;Salt ;UdG;Ciencias de la Salud;  5,428;  5,000;  5,000;  5,000
61010;Dret ;Lleida ;UdL;Ciencias Sociales y Jurídicas;  5,402;  5,000;  5,000;  5,833
31090;"Màrqueting i Comunicació Digital ""EAE"" ";Barcelona ;UPC;Ciencias Sociales y Jurídicas;  5,370;  5,000;  5,000;  5,000
81061;Ciències de l'Activitat Física i de l'Esport / Fisioteràpia ;Salt ;UdG;Ciencias de la Salud;  5,335;  5,000;  5,000;  5,000
61053;Administració i Direcció d'Empreses / Turisme ;Lleida ;UdL;Ciencias Sociales y Jurídicas;  5,312;  5,000;  5,000;  5,000
11001;Antropologia Social i Cultural ;Barcelona ;UB;Artes y Humanidades;  5,230;  5,000;  6,100;  5,000
11050;Relacions Laborals ;Barcelona ;UB;Ciencias Sociales y Jurídicas;  5,230;  5,000;  5,000;  5,000
31065;Enginyeria de sistemes TIC ;Manresa ;UPC;Ingeniería y Arquitectura;  5,218;  5,000;  5,000;  5,000
91051;Enginyeria de l'Automoció ;Vic / Granollers ;UVic;Ingeniería y Arquitectura;  5,198;  5,000;  5,000;  5,000
91909;Fisioteràpia ;Docència en Anglès ;UdG / UB;Ciencias de la Salud;  5,025;  5,000;  5,000;  5,000
31049;Enginyeria en Sistemes i Tecnologia Naval ;Barcelona ;UPC;Ingeniería y Arquitectura;  5,020;  5,000;  7,220;  5,000
31078;Arquitectura, Estudis d' ;Barcelona ;UPC;Artes y Humanidades;  5,014;  5,000;  5,000;  5,000
11011;"Turisme ""CETT"" ";Barcelona ;UB;Ciencias Sociales y Jurídicas;  5,000;  5,000;  5,000;  5,000
11021;Estudis Anglesos ;Docència en Anglès ;UB;Artes y Humanidades;  5,000;  5,000;  5,000;  5,000
11022;Estudis Àrabs i Hebreus ;Barcelona ;UB;Artes y Humanidades;  5,000;  5,500;  5,000;  5,000
11025;Filologia Catalana ;Barcelona ;UB;Artes y Humanidades;  5,000;  5,000;  5,000;  5,333
11026;Filologia Clàssica ;Barcelona ;UB;Artes y Humanidades;  5,000;  5,000;  5,000;  5,000
11027;Filologia Hispànica ;Barcelona ;UB;Artes y Humanidades;  5,000;  5,000;  5,000;  5,000
11029;Arqueologia ;Barcelona ;UB;Artes y Humanidades;  5,000;  5,000;  6,700;  6,000
11031;Geografia ;Barcelona ;UB;Ciencias Sociales y Jurídicas;  5,000;  5,000;  5,000;  5,500
11032;Geologia ;Barcelona ;UB;Ciencias;  5,000;  5,000;  5,000;  5,000
11034;Història de l'Art ;Barcelona ;UB;Artes y Humanidades;  5,000;  5,000;  5,000;  6,333
11035;Història ;Barcelona ;UB;Artes y Humanidades;  5,000;  5,000;  5,000;  5,000
11038;Informació i Documentació ;Barcelona ;UB;Ciencias Sociales y Jurídicas;  5,000;  5,938;  5,000;  5,333
11039;Lingüística ;Barcelona ;UB;Artes y Humanidades;  5,000;  6,750;  5,000;  5,000
11040;Llengües i Literatures Modernes ;Barcelona ;UB;Artes y Humanidades;  5,000;  5,000;  5,000;  5,000
11052;Gestió i Administració Pública ;Barcelona ;UB;Ciencias Sociales y Jurídicas;  5,000;  5,375;  5,000;  5,000
11056;Conservació - Restauració de Béns Culturals ;Barcelona ;UB;Artes y Humanidades;  5,000;  6,063;  5,000;  5,000
11060;Enginyeria de Materials ;Barcelona ;UB;Ingeniería y Arquitectura;  5,000;  5,000;  5,000;  5,000
11061;Filosofia ;Barcelona ;UB;Artes y Humanidades;  5,000;  5,000;  5,000;  6,500
11071;Continguts Digitals Interactius ;Barcelona ;UB;Ingeniería y Arquitectura;  5,000;  5,000;  5,000;  5,000
11078;"Gestió d'Empreses en Comerç i Distribució ""ESCODI"" ";Terrassa ;UB;Ciencias Sociales y Jurídicas;  5,000;  5,000;  5,000;  5,000
11079;"Disseny ""UNIBA"" ";Barcelona ;UB;Ingeniería y Arquitectura;  5,000;  5,000;  5,000;  6,833
11082;Llengües Romàniques i les seves Literatures ;Barcelona ;UB;Artes y Humanidades;  5,000;  5,000;  5,000;  5,000
11085;Creació Artística per a Videojocs i Jocs Aplicats ;Barcelona ;UB;Artes y Humanidades;  5,000;  5,000;  5,000;  5,000
11086;"Turisme ""CETT"" ";Barcelona ;UB;Ciencias Sociales y Jurídicas;  5,000;  5,000;  5,000;  5,000
20296;Gestió de Ciutats Intel·ligents i Sostenibles - Smart Cities ;Títol propi, no oficial ;UAB;Ciencias Sociales y Jurídicas;  5,000;  5,000;  5,000;  5,000
21007;Arqueologia ;Cerdanyola del Vallès ;UAB;Artes y Humanidades;  5,000;  5,000;  5,000;  5,000
21015;"Disseny ""Eina"" ";Barcelona ;UAB;Ingeniería y Arquitectura;  5,000;  5,000;  5,000;  5,000
21020;"Arts i Disseny ""Massana"" ";Barcelona ;UAB;Artes y Humanidades;  5,000;  5,000;  5,000;  5,000
21022;"Enginyeria d'Organització Industrial ""EU Salesiana de Sarrià"" ";Barcelona ;UAB;Ingeniería y Arquitectura;  5,000;  5,000;  5,000;  5,000
21023;"Enginyeria Elèctrica ""EU Salesiana de Sarrià"" ";Barcelona ;UAB;Ingeniería y Arquitectura;  5,000;  5,000;  5,000;  5,000
21025;"Enginyeria Electrònica Industrial i Automàtica ""EU Salesiana de Sarrià"" ";Barcelona ;UAB;Ingeniería y Arquitectura;  5,000;  5,000;  5,000;  5,000
21026;"Enginyeria Mecànica ""EU Salesiana de Sarrià"" ";Barcelona ;UAB;Ingeniería y Arquitectura;  5,000;  5,000;  5,000;  5,000
21029;Estudis Clàssics ;Cerdanyola del Vallès ;UAB;Artes y Humanidades;  5,000;  5,000;  5,000;  5,000
21031;Llengua i Literatura Catalanes ;Cerdanyola del Vallès ;UAB;Artes y Humanidades;  5,000;  5,000;  5,000;  5,000
21032;Filosofia ;Cerdanyola del Vallès ;UAB;Artes y Humanidades;  5,000;  5,000;  5,000;  5,000
21033;"Fisioteràpia ""Gimbernat"" ";Sant Cugat del Vallès ;UAB;Ciencias de la Salud;  5,000;  5,000;  6,150;  5,000
21036;Geografia i Ordenació del Territori ;Cerdanyola del Vallès ;UAB;Ciencias Sociales y Jurídicas;  5,000;  5,000;  5,000;  5,000
21037;Geologia ;Cerdanyola del Vallès ;UAB;Ciencias;  5,000;  5,000;  5,000;  5,000
21039;Història de l'art ;Cerdanyola del Vallès ;UAB;Artes y Humanidades;  5,000;  5,000;  5,000;  7,667
21040;Història ;Cerdanyola del Vallès ;UAB;Artes y Humanidades;  5,000;  5,000;  5,000;  5,000
21042;"Infermeria ""Gimbernat"" ";Sant Cugat del Vallès ;UAB;Ciencias de la Salud;  5,000;  5,000;  6,333;  5,000
21046;Informàtica i Serveis ;Sant Cugat del Vallès ;UAB;Ingeniería y Arquitectura;  5,000;  5,000;  5,000;  5,000
21047;Llengua i Literatura Espanyoles ;Cerdanyola del Vallès ;UAB;Artes y Humanidades;  5,000;  5,688;  5,000;  5,000
21054;Prevenció i Seguretat Integral ;Cerdanyola del Vallès ;UAB;Ciencias Sociales y Jurídicas;  5,000;  5,000;  5,000;  5,000
21057;"Teràpia Ocupacional ""Creu Roja"" EUIT de Terrassa ";Terrassa ;UAB;Ciencias de la Salud;  5,000;  5,000;  5,000;  5,000
21058;Traducció i Interpretació -Alemany- ;Cerdanyola del Vallès ;UAB;Artes y Humanidades;  5,000;  5,000;  5,000;  5,000
21059;Turisme ;Cerdanyola del Vallès ;UAB;Ciencias Sociales y Jurídicas;  5,000;  5,000;  5,000;  5,000
21063;Geografia i Ordenació del Territori ;En xarxa ;UAB;Ciencias Sociales y Jurídicas;  5,000;  6,900;  5,000;  7,333
21065;Traducció i Interpretació -Francès- ;Cerdanyola del Vallès ;UAB;Artes y Humanidades;  5,000;  5,000;  5,000;  5,000
21072;Estudis d'Anglès i Català ;Cerdanyola del Vallès ;UAB;Artes y Humanidades;  5,000;  5,563;  5,000;  5,000
21073;Estudis d'Anglès i de Clàssiques ;Cerdanyola del Vallès ;UAB;Artes y Humanidades;  5,000;  5,000;  5,000;  5,000
21077;Estudis de Català i Espanyol ;Cerdanyola del Vallès ;UAB;Artes y Humanidades;  5,000;  5,000;  5,000;  5,000
21084;Comptabilitat i Finances ;Sabadell ;UAB;Ciencias Sociales y Jurídicas;  5,000;  5,000;  5,000;  5,000
21091;Estudis d'Anglès i Francès ;Cerdanyola del Vallès ;UAB;Artes y Humanidades;  5,000;  5,000;  5,000;  5,000
21101;Humanitats ;Cerdanyola del Vallès ;UAB;Artes y Humanidades;  5,000;  5,000;  5,000;  5,000
21107;Direcció Hotelera ;Cerdanyola del Vallès ;UAB;Ciencias Sociales y Jurídicas;  5,000;  5,000;  5,000;  5,000
21112;"Enginyeria Electrònica Industrial i Automàtica / Enginyeria Mecànica ""EU Salesiana de Sarrià"" ";Barcelona ;UAB;Ingeniería y Arquitectura;  5,000;  5,000;  5,000;  5,000
21113;Prevenció i Seguretat Integral ;En xarxa ;UAB;Ciencias Sociales y Jurídicas;  5,000;  5,000;  6,500;  5,000
21114;Turisme ;Docència en Anglès ;UAB;Ciencias Sociales y Jurídicas;  5,000;  5,000;  5,000;  5,000
21115;Enginyeria de Sistemes de Telecomunicació / Enginyeria Electrònica de Telecomunicació ;Cerdanyola del Vallès ;UAB;Ingeniería y Arquitectura;  5,000;  5,000;  5,000;  5,000
21116;Grau Obert en llengües, Programa de ;agrupació ;UAB / UB;Artes y Humanidades;  5,000;  5,000;  5,000;  5,000
31001;"Administració i Direcció d'Empreses ""EUNCET"" ";Terrassa ;UPC;Ciencias Sociales y Jurídicas;  5,000;  5,000;  5,000;  5,000
31002;"Administració i Direcció d'Empreses ""Centre Universitari EAE"" ";Barcelona ;UPC;Ciencias Sociales y Jurídicas;  5,000;  5,000;  5,000;  5,000
31003;Enginyeria Agrícola ;Castelldefels ;UPC;Ingeniería y Arquitectura;  5,000;  5,000;  5,000;  5,000
31004;Enginyeria Alimentària ;Castelldefels ;UPC;Ingeniería y Arquitectura;  5,000;  5,000;  5,000;  5,000
31006;Enginyeria de Disseny Industrial i Desenvolupament del Producte ;Vilanova i la Geltrú ;UPC;Ingeniería y Arquitectura;  5,000;  5,000;  5,000;  5,000
31010;Enginyeria de Sistemes Audiovisuals ;Terrassa ;UPC;Ingeniería y Arquitectura;  5,000;  5,000;  5,000;  5,000
31013;Enginyeria Civil ;Barcelona ;UPC;Ingeniería y Arquitectura;  5,000;  5,000;  5,000;  5,000
31016;Arquitectura Tècnica i Edificació ;Barcelona ;UPC;Artes y Humanidades;  5,000;  5,000;  5,000;  5,000
31017;Enginyeria Agroambiental i del Paisatge ;Castelldefels ;UPC;Ingeniería y Arquitectura;  5,000;  5,000;  5,000;  5,000
31020;Enginyeria Electrònica Industrial i Automàtica / Enginyeria Mecànica / Enginyeria Química ;Manresa ;UPC;Ingeniería y Arquitectura;  5,000;  5,000;  5,000;  5,000
31021;Enginyeria Elèctrica / Enginyeria Electrònica Industrial i Automàtica / Enginyeria Mecànica ;Vilanova i la Geltrú ;UPC;Ingeniería y Arquitectura;  5,000;  5,000;  5,000;  5,000
31025;Enginyeria de Materials ;Barcelona / Sant Adrià de Besòs ;UPC;Ingeniería y Arquitectura;  5,000;  5,000;  5,000;  5,000
31030;Enginyeria en Tecnologies Industrials ;Terrassa ;UPC;Ingeniería y Arquitectura;  5,000;  5,000;  5,000;  5,000
31033;Enginyeria Química ;Igualada ;UPC;Ingeniería y Arquitectura;  5,000;  5,000;  5,000;  5,000
31038;Tecnologies Marines ;Barcelona ;UPC;Ingeniería y Arquitectura;  5,000;  5,000;  5,000;  5,000
31043;Òptica i Optometria ;Terrassa ;UPC;Ciencias de la Salud;  5,000;  5,000;  5,000;  5,000
31053;Enginyeria Elèctrica ;Barcelona / Sant Adrià de Besòs ;UPC;Ingeniería y Arquitectura;  5,000;  5,000;  5,000;  5,000
31055;Enginyeria Química ;Barcelona / Sant Adrià de Besòs ;UPC;Ingeniería y Arquitectura;  5,000;  5,000;  5,000;  5,000
31058;Enginyeria d'Obres Públiques ;Barcelona ;UPC;Ingeniería y Arquitectura;  5,000;  5,000;  5,000;  5,000
31072;"Administració i Direcció d'Empreses ""EUNCET"" ";Terrassa ;UPC;Ciencias Sociales y Jurídicas;  5,000;  5,000;  5,000;  5,000
31076;Enginyeria de Sistemes de Telecomunicació / Enginyeria Telemàtica ;Castelldefels ;UPC;Ingeniería y Arquitectura;  5,000;  5,000;  5,000;  5,000
31080;Arquitectura, Estudis d' ;Sant Cugat del Vallès ;UPC;Artes y Humanidades;  5,000;  5,000;  5,000;  5,000
31082;"Màrqueting i Comunicació Digital ""EUNCET"" ";Semipresencial ;UPC;Ciencias Sociales y Jurídicas;  5,000;  5,000;  5,000;  5,000
31086;Enginyeria de Tecnologies i Serveis de Telecomunicació ;Barcelona ;UPC;Ingeniería y Arquitectura;  5,000;  5,000;  5,000;  5,000
31087;Enginyeria en Geoinformació i Geomàtica ;Barcelona ;UPC;Ingeniería y Arquitectura;  5,000;  5,000;  5,000;  5,000
31088;Enginyeria Minera ;Manresa ;UPC;Ingeniería y Arquitectura;  5,000;  5,000;  5,000;  5,000
31094;Enginyeria Química ;Semipresencial ;UPC;Ingeniería y Arquitectura;  5,000;  5,000;  5,000;  5,000
41003;Humanitats ;Barcelona ;UPF;Artes y Humanidades;  5,000;  5,000;  5,000;  5,000
41012;"Disseny ""Elisava"" ";Barcelona ;UPF;Ingeniería y Arquitectura;  5,000;  5,000;  5,000;  5,000
41017;"Enginyeria de Disseny Industrial ""Elisava"" ";Barcelona ;UPF;Ingeniería y Arquitectura;  5,000;  5,000;  5,000;  5,000
41020;Enginyeria de Xarxes de Telecomunicació ;Barcelona ;UPF;Ingeniería y Arquitectura;  5,000;  5,000;  5,000;  5,000
41023;Llengües Aplicades ;Barcelona ;UPF;Artes y Humanidades;  5,000;  5,000;  5,000;  5,000
41029;"Administració d'Empreses i Gestió de la Innovació ""Tecnocampus"" ";Mataró ;UPF;Ciencias Sociales y Jurídicas;  5,000;  5,000;  5,000;  5,000
41035;"Administració d'Empreses i Gestió de la Innovació / Turisme i Gestió del Lleure ""Tecnocampus"" ";Mataró ;UPF;Ciencias Sociales y Jurídicas;  5,000;  5,000;  5,000;  5,000
41036;"Administració d'Empreses i Gestió de la Innovació ""Tecnocampus"" ";Mataró ;UPF;Ciencias Sociales y Jurídicas;  5,000;  5,000;  5,000;  5,000
41040;Traducció i Interpretació -Alemany / Francès / Llengua de Signes Catalana- ;Barcelona ;UPF;Artes y Humanidades;  5,000;  5,000;  5,000;  5,000
41046;"Enginyeria Electrònica Industrial i Automàtica / Enginyeria Mecànica ""Tecnocampus"" ";Mataró ;UPF;Ingeniería y Arquitectura;  5,000;  5,000;  5,000;  5,000
41047;"Enginyeria Informàtica de Gestió i Sistemes d'Informació ""Tecnocampus"" ";Mataró ;UPF;Ingeniería y Arquitectura;  5,000;  5,000;  5,000;  5,000
41048;"Logística i Negocis Marítims ""Tecnocampus"" ";Mataró ;UPF;Artes y Humanidades;  5,000;  5,000;  5,000;  5,000
61003;Administració i Direcció d'Empreses ;Lleida ;UdL;Ciencias Sociales y Jurídicas;  5,000;  5,000;  5,000;  5,000
61006;Enginyeria Agrària i Alimentària ;Lleida ;UdL;Ingeniería y Arquitectura;  5,000;  5,000;  5,000;  5,000
61008;Ciència i Tecnologia dels Aliments ;Lleida ;UdL;Ciencias de la Salud;  5,000;  5,000;  6,860;  5,000
61011;Educació Infantil ;Lleida ;UdL;Ciencias Sociales y Jurídicas;  5,000;  5,000;  5,000;  5,000
61014;Enginyeria Forestal ;Lleida ;UdL;Ingeniería y Arquitectura;  5,000;  5,000;  5,000;  5,000
61015;Enginyeria Informàtica ;Lleida ;UdL;Ingeniería y Arquitectura;  5,000;  5,000;  5,000;  5,000
61016;Arquitectura Tècnica i Edificació ;Lleida ;UdL;Artes y Humanidades;  5,000;  5,000;  5,000;  5,000
61017;Enginyeria en Electrònica Industrial i Automàtica ;Lleida ;UdL;Ingeniería y Arquitectura;  5,000;  5,000;  5,000;  5,000
61018;Enginyeria Mecànica ;Lleida ;UdL;Ingeniería y Arquitectura;  5,000;  5,000;  5,000;  5,000
61021;Turisme ;Lleida ;UdL;Ciencias Sociales y Jurídicas;  5,000;  5,000;  5,000;  5,000
61026;Geografia ;Lleida ;UdL;Ciencias Sociales y Jurídicas;  5,000;  5,000;  5,000;  5,000
61028;Història ;Lleida ;UdL;Artes y Humanidades;  5,000;  5,000;  5,000;  6,000
61033;Relacions Laborals i Recursos Humans ;Lleida ;UdL;Ciencias Sociales y Jurídicas;  5,000;  5,000;  5,000;  5,000
61034;Treball social ;Lleida ;UdL;Ciencias Sociales y Jurídicas;  5,000;  5,000;  5,000;  5,000
61042;Conservació de la Natura / Enginyeria Forestal ;Lleida ;UdL;Ciencias;  5,000;  5,000;  5,000;  5,000
61043;Enginyeria de l'Energia i Sostenibilitat ;Lleida ;UdL;Ingeniería y Arquitectura;  5,000;  5,000;  5,000;  5,000
61045;Història de l'Art i Gestió del Patrimoni Artístic ;Lleida ;UdL;Artes y Humanidades;  5,000;  5,000;  5,000;  5,000
61047;"Turisme i Oci ""OSTELEA"" ";Només per a estudiants espanyols o estrangers amb residència ;UdL;Ciencias Sociales y Jurídicas;  5,000;  5,000;  5,000;  5,000
61052;"Turisme i Oci ""OSTELEA"" ";Només per a estudiants sense nacionalitat espanyola ni residència a l'Estat Espanyol ;UdL;Ciencias Sociales y Jurídicas;  5,000;  5,000;  5,000;  5,000
61054;Estudis Anglesos ;Lleida ;UdL;Artes y Humanidades;  5,000;  5,000;  5,000;  5,000
61055;Filologia Catalana i Estudis Occitans ;Lleida ;UdL;Artes y Humanidades;  5,000;  5,000;  5,000;  5,000
61056;Filologia Hispànica ;Lleida ;UdL;Artes y Humanidades;  5,000;  5,000;  5,000;  5,000
61058;Filologia Catalana i Estudis Occitans / Llengües Aplicades i Traducció ;Lleida ;UdL;Artes y Humanidades;  5,000;  5,000;  5,000;  5,000
61059;Filologia Hispànica / Llengües aplicades i traducció ;Lleida ;UdL;Artes y Humanidades;  5,000;  5,000;  5,000;  5,000
71002;Administració i Direcció d'Empreses ;Reus ;URV;Ciencias Sociales y Jurídicas;  5,000;  5,000;  5,000;  5,000
71003;Anglès ;Tarragona ;URV;Artes y Humanidades;  5,000;  6,188;  5,000;  5,000
71004;Administració i Direcció d'Empreses ;Tortosa ;URV;Ciencias Sociales y Jurídicas;  5,000;  5,000;  5,000;  5,000
71009;Economia ;Reus ;URV;Ciencias Sociales y Jurídicas;  5,000;  5,000;  5,000;  5,000
71013;Enologia ;Tarragona / Vila-Seca ;URV;Ciencias;  5,000;  5,000;  5,000;  5,000
71014;Finances i Comptabilitat ;Reus ;URV;Ciencias Sociales y Jurídicas;  5,000;  5,000;  5,000;  5,000
71015;Geografia i Ordenació del Territori ;Vila-Seca ;URV;Ciencias Sociales y Jurídicas;  5,000;  5,000;  5,000;  5,000
71025;Relacions Laborals i Ocupació ;Tarragona ;URV;Ciencias Sociales y Jurídicas;  5,000;  5,000;  5,000;  5,000
71027;Turisme ;Vila-Seca ;URV;Ciencias Sociales y Jurídicas;  5,000;  5,000;  5,000;  5,000
71029;Educació Infantil ;Tortosa ;URV;Ciencias Sociales y Jurídicas;  5,000;  5,000;  5,000;  5,000
71033;Educació Primària ;Tortosa ;URV;Ciencias Sociales y Jurídicas;  5,000;  5,000;  8,400;  5,000
71035;Arquitectura ;Reus ;URV;Artes y Humanidades;  5,000;  5,000;  5,000;  5,000
71037;Enginyeria Elèctrica ;Tarragona ;URV;Ingeniería y Arquitectura;  5,000;  5,000;  5,000;  5,000
71038;Enginyeria Electrònica Industrial i Automàtica ;Tarragona ;URV;Ingeniería y Arquitectura;  5,000;  5,000;  5,000;  5,000
71039;Enginyeria Informàtica ;Tarragona ;URV;Ingeniería y Arquitectura;  5,000;  5,000;  5,000;  5,000
71041;Enginyeria Química ;Tarragona ;URV;Ingeniería y Arquitectura;  5,000;  5,000;  5,000;  5,000
71045;Pilot d'Aviació Comercial i Operacions Aèries ;Reus ;URV;Ingeniería y Arquitectura;  5,000;  5,000;  5,000;  5,000
71046;Ciències de l'Activitat Física i de l'Esport ;Amposta ;URV;Ciencias de la Salud;  5,000;  5,000;  5,000;  5,000
71048;Fisioteràpia ;Tortosa ;URV;Ciencias de la Salud;  5,000;  5,000;  7,180;  5,000
71049;Antropologia i Evolució Humana ;Tarragona ;URV / UOC;Artes y Humanidades;  5,000;  5,000;  5,000;  6,333
71051;Història / Història de l'Art ;Agrupació ;URV;Artes y Humanidades;  5,000;  5,000;  5,000;  5,000
71052;Llengua i Literatura Catalanes / Llengua i Literatura Hispàniques ;Agrupació ;URV;Artes y Humanidades;  5,000;  5,000;  5,000;  7,333
71059;Ciències de l'Activitat Física i de l'Esport / Fisioteràpia ;Amposta / Tortosa ;URV;Ciencias de la Salud;  5,000;  5,000;  5,000;  5,000
71060;Enginyeria Biomèdica / Enginyeria de Sistemes i Serveis de Telecomunicacions ;Tarragona ;URV;Ingeniería y Arquitectura;  5,000;  5,000;  5,000;  5,000
71061;Enginyeria de Bioprocessos Alimentaris ;Tarragona ;URV;Ingeniería y Arquitectura;  5,000;  5,000;  5,000;  5,000
71062;"Màrqueting ""ESIC"" ";Barcelona ;URV;Ciencias Sociales y Jurídicas;  5,000;  5,000;  5,000;  5,000
81008;Ciències Ambientals ;Girona ;UdG;Ciencias;  5,000;  5,000;  5,000;  5,000
81010;Ciències polítiques i de l'Administració ;Girona ;UdG;Ciencias Sociales y Jurídicas;  5,000;  5,000;  6,480;  5,000
81011;Comptabilitat i Finances ;Girona ;UdG;Ciencias Sociales y Jurídicas;  5,000;  5,000;  5,000;  5,000
81012;Comunicació Cultural ;Girona ;UdG;Artes y Humanidades;  5,000;  5,000;  5,000;  5,000
81014;Gestió Hotelera i Turística ;Sant Pol de Mar ;UdG;Ciencias Sociales y Jurídicas;  5,000;  5,000;  5,000;  5,000
81016;Economia ;Girona ;UdG;Ciencias Sociales y Jurídicas;  5,000;  5,000;  5,000;  5,000
81020;Arquitectura Tècnica i Edificació ;Girona ;UdG;Artes y Humanidades;  5,000;  5,000;  5,000;  5,000
81021;Enginyeria Electrònica Industrial i Automàtica ;Girona ;UdG;Ingeniería y Arquitectura;  5,000;  5,000;  5,000;  5,000
81022;Enginyeria Mecànica ;Girona ;UdG;Ingeniería y Arquitectura;  5,000;  5,000;  5,000;  5,000
81023;Enginyeria Química ;Girona ;UdG;Ingeniería y Arquitectura;  5,000;  5,000;  5,000;  5,000
81024;Filosofia ;Girona ;UdG;Artes y Humanidades;  5,000;  5,000;  5,000;  5,000
81026;Geografia, Ordenació del Territori i Gestió del Medi Ambient ;Girona ;UdG;Ciencias Sociales y Jurídicas;  5,000;  5,000;  5,000;  5,000
81027;Història de l'Art ;Girona ;UdG;Artes y Humanidades;  5,000;  5,000;  5,000;  5,833
81028;Història ;Girona ;UdG;Artes y Humanidades;  5,000;  5,563;  5,000;  5,000
81030;Llengua i Literatura Catalanes ;Girona ;UdG;Artes y Humanidades;  5,000;  5,938;  5,000;  5,000
81031;Llengua i Literatura Espanyoles ;Girona ;UdG;Artes y Humanidades;  5,000;  5,000;  5,000;  5,000
81032;Enginyeria Agroalimentària ;Girona ;UdG;Ingeniería y Arquitectura;  5,000;  5,000;  5,000;  5,000
81034;Química ;Girona ;UdG;Ciencias;  5,000;  5,000;  5,000;  5,000
81035;"Turisme ""CETA"" ";Barcelona ;UdG;Ciencias Sociales y Jurídicas;  5,000;  5,000;  5,000;  5,000
81036;"Turisme ""Euroaula"" ";Barcelona ;UdG;Ciencias Sociales y Jurídicas;  5,000;  5,000;  5,000;  5,000
81037;"Turisme ""Formàtic Barna"" ";Barcelona ;UdG;Ciencias Sociales y Jurídicas;  5,000;  5,000;  5,000;  5,000
81038;"Turisme ""Mediterrani"" ";Barcelona ;UdG;Ciencias Sociales y Jurídicas;  5,000;  5,000;  5,000;  5,000
81039;Turisme ;Girona ;UdG;Ciencias Sociales y Jurídicas;  5,000;  5,000;  5,000;  5,000
81040;Enginyeria Elèctrica ;Girona ;UdG;Ingeniería y Arquitectura;  5,000;  5,000;  5,000;  5,000
81041;Enginyeria en Tecnologies Industrials ;Girona ;UdG;Ingeniería y Arquitectura;  5,000;  5,000;  5,000;  5,000
81042;Enginyeria Informàtica ;Girona ;UdG;Ingeniería y Arquitectura;  5,000;  5,000;  5,000;  5,000
81050;Enginyeria Elèctrica / Enginyeria Electrònica Industrial i Automàtica ;Girona ;UdG;Ingeniería y Arquitectura;  5,000;  5,000;  5,000;  5,000
81051;"Màrqueting ""Mediterrani"" ";Barcelona ;UdG;Ciencias Sociales y Jurídicas;  5,000;  5,000;  5,000;  5,000
81057;Arquitectura, Estudis d' ;Girona ;UdG;Artes y Humanidades;  5,000;  5,000;  5,000;  5,000
81058;Innovació i Seguretat Alimentària ;Girona ;UdG;Ciencias de la Salud;  5,000;  5,000;  5,000;  5,000
90901;Enginyeria Geològica ;Barcelona ;UPC / UB;Ingeniería y Arquitectura;  5,000;  5,000;  5,000;  5,000
91003;Administració i Direcció d'Empreses ;Vic ;UVic;Ciencias Sociales y Jurídicas;  5,000;  5,000;  5,000;  5,000
91004;Biotecnologia ;Vic ;UVic;Ciencias;  5,000;  5,000;  5,000;  5,000
91006;Comunicació Audiovisual ;Vic ;UVic;Ciencias Sociales y Jurídicas;  5,000;  5,000;  5,000;  5,000
91007;"Disseny ""BAU"" ";Barcelona ;UVic;Ingeniería y Arquitectura;  5,000;  5,000;  5,000;  5,000
91008;Educació Infantil ;Vic ;UVic;Ciencias Sociales y Jurídicas;  5,000;  5,000;  5,000;  5,000
91009;Educació Primària ;Vic ;UVic;Ciencias Sociales y Jurídicas;  5,000;  5,000;  6,819;  5,000
91010;Educació Social ;Vic ;UVic;Ciencias Sociales y Jurídicas;  5,000;  5,000;  5,000;  5,000
91011;Enginyeria Mecatrònica ;Vic ;UVic;Ingeniería y Arquitectura;  5,000;  5,000;  5,000;  5,000
91013;Infermeria ;Vic ;UVic;Ciencias de la Salud;  5,000;  5,000;  6,120;  5,000
91014;Periodisme ;Vic ;UVic;Ciencias Sociales y Jurídicas;  5,000;  5,000;  5,000;  5,000
91015;Publicitat i Relacions Públiques ;Vic ;UVic;Ciencias Sociales y Jurídicas;  5,000;  5,000;  5,000;  5,000
91016;Teràpia Ocupacional ;Vic ;UVic;Ciencias de la Salud;  5,000;  5,000;  5,000;  5,000
91018;Biologia ;Vic ;UVic;Ciencias;  5,000;  5,000;  5,000;  5,000
91021;Nutrició Humana i Dietètica ;Vic ;UVic;Ciencias de la Salud;  5,000;  5,000;  6,330;  5,000
91029;Multimèdia. Aplicacions i Videojocs ;Vic ;UVic;Ciencias Sociales y Jurídicas;  5,000;  5,000;  5,000;  5,000
91030;Educació Infantil / Educació Primària (menció en Llengua Anglès);Vic;UVic;Ciencias Sociales y Jurídicas;  5,000;  5,000;  5,000;  5,000
91032;Màrqueting i Comunicació Empresarial ;Vic ;UVic;Ciencias Sociales y Jurídicas;  5,000;  5,000;  5,000;  5,000
91038;Educació Infantil ;Manresa;UVic;Ciencias Sociales y Jurídicas;  5,000;  5,000;  5,000;  5,000
91039;Enginyeria Biomèdica ;Vic ;UVic;Ingeniería y Arquitectura;  5,000;  5,000;  5,000;  5,000
91042;Administració i Direcció d'Empreses ;Manresa ;UVic;Ciencias Sociales y Jurídicas;  5,000;  5,000;  5,000;  5,000
91043;Infermeria ;Campus Manresa ;UVic;Ciencias de la Salud;  5,000;  5,000;  5,000;  5,000
91045;Podologia ;Campus Manresa ;UVic;Ciencias de la Salud;  5,000;  5,000;  7,000;  5,000
91052;Fisioteràpia / Podologia ;Campus Manresa ;UVic;Ciencias de la Salud;  5,000;  5,000;  5,000;  5,000
91903;Estadística Aplicada ;Cerdanyola del Vallès / Vic ;UAB / UVic;Ciencias;  5,000;  5,313;  5,000;  5,000
91904;Estudis Francesos ;Barcelona / Cerdanyola del Vallès ;UAB / UB;Artes y Humanidades;  5,000;  5,800;  5,000;  5,000
91906;Estadística Aplicada / Sociologia ;Cerdanyola del Valès y Vic ;UAB / UVic;Ciencias;  5,000;  5,000;  5,000;  5,000
91907;Ciències Culinàries i Gastronòmiques ;Santa Coloma de Gramenet / Castelldefels / Barcelona ;UB / UPC;Ciencias de la Salud;  5,000;  5,000;  5,000;  6,000
91910;Bioinformàtica ;Barcelona ;UPF / UB / UPC;Ciencias de la Salud;  5,000;  5,000;  5,000;  5,000
